Kategoria,Plik,Wykryte_Flagi,Sciezka
Akt I - Wybór Ścieżki (Na Rozdrożu),3_q106_act1.w2quest,q108,C:\SteamLibrary\steamapps\common\the witcher 2\data\game\temp_quests\3_q106_act1.w2quest
Akt I - Wybór Ścieżki (Na Rozdrożu),4_act1_from_choice.w2quest,q108,C:\SteamLibrary\steamapps\common\the witcher 2\data\game\temp_quests\4_act1_from_choice.w2quest
Akt I - Wybór Ścieżki (Na Rozdrożu),characters_journal.w2phase,"q108, q201, q202, q203, q205, q207, q208, q215r, q301, q308",C:\SteamLibrary\steamapps\common\the witcher 2\data\game\meta_quests\characters_journal.w2phase
Akt I - Wybór Ścieżki (Na Rozdrożu),q108_TEMP.w2quest,q108,C:\SteamLibrary\steamapps\common\the witcher 2\data\game\1_act1\quests\q108_choice\q108_TEMP.w2quest
Akt I - Wybór Ścieżki (Na Rozdrożu),q108_choice.w2phase,q108,C:\SteamLibrary\steamapps\common\the witcher 2\data\game\1_act1\q108_choice.w2phase
Akt I - Wybór Ścieżki (Na Rozdrożu),q109_assassination.w2phase,q108,C:\SteamLibrary\steamapps\common\the witcher 2\data\game\1_act1\q109_assassination.w2phase
Akt I - Wybór Ścieżki (Na Rozdrożu),sq106_fistfight.w2phase,q108,C:\SteamLibrary\steamapps\common\the witcher 2\data\game\1_act1\sq106_fistfight.w2phase
Akt I - Wybór Ścieżki (Na Rozdrożu),sq108_incence.w2phase,"q108, q215r",C:\SteamLibrary\steamapps\common\the witcher 2\data\game\1_act1\sq108_incence.w2phase
Akt I - Wybór Ścieżki (Na Rozdrożu),sq109_malena.w2phase,q108,C:\SteamLibrary\steamapps\common\the witcher 2\data\game\1_act1\sq109_malena.w2phase
Akt I - Wybór Ścieżki (Na Rozdrożu),temp_act1.w2quest,q108,C:\SteamLibrary\steamapps\common\the witcher 2\data\game\temp_quests\temp_act1.w2quest
Akt II - Główne Zadania / Mgła,a2_fog_transition.w2phase,q208,C:\SteamLibrary\steamapps\common\the witcher 2\data\game\2_act2\a2_fog_transition.w2phase
Akt II - Główne Zadania / Mgła,act2_community_camp_spawn.w2phase,q201,C:\SteamLibrary\steamapps\common\the witcher 2\data\game\2_act2\act2_community_camp_spawn.w2phase
Akt II - Główne Zadania / Mgła,assasins_of_kings.w2phase,q207,C:\SteamLibrary\steamapps\common\the witcher 2\data\game\meta_quests\assasins_of_kings.w2phase
Akt II - Główne Zadania / Mgła,q106_rishon.w2phase,q208,C:\SteamLibrary\steamapps\common\the witcher 2\data\game\1_act1\q106_rishon.w2phase
Akt II - Główne Zadania / Mgła,q201_kings_meet.w2phase,"q201, q301",C:\SteamLibrary\steamapps\common\the witcher 2\data\game\2_act2\q201_kings_meet.w2phase
Akt II - Główne Zadania / Mgła,q201_temp_start.w2quest,q201,C:\SteamLibrary\steamapps\common\the witcher 2\data\game\2_act2\quests\q201_kings_meet\entities\q201_temp_start.w2quest
Akt II - Główne Zadania / Mgła,q201_temp_start_fog.w2quest,q201,C:\SteamLibrary\steamapps\common\the witcher 2\data\game\2_act2\quests\q201_kings_meet\entities\q201_temp_start_fog.w2quest
Akt II - Główne Zadania / Mgła,q208_ghost_of_banner.w2phase,q208,C:\SteamLibrary\steamapps\common\the witcher 2\data\game\2_act2\q208_ghost_of_banner.w2phase
Akt II - Główne Zadania / Mgła,q208_test_quest.w2quest,q208,C:\SteamLibrary\steamapps\common\the witcher 2\data\game\2_act2\quests\q208_draug\entity\q208_test_quest.w2quest
Akt II - Główne Zadania / Mgła,sq105_handwrestling.w2phase,q201,C:\SteamLibrary\steamapps\common\the witcher 2\data\game\1_act1\sq105_handwrestling.w2phase
Akt II - Główne Zadania / Mgła,sq201_arena.w2phase,q201,C:\SteamLibrary\steamapps\common\the witcher 2\data\game\2_act2\sq201_arena.w2phase
Akt II - Główne Zadania / Mgła,sq307_bussy.w2phase,"q207, q301",C:\SteamLibrary\steamapps\common\the witcher 2\data\game\3_act3\sq307_bussy.w2phase
Akt II - Ścieżka Iorwetha,7_act2_after_q202_debate.w2quest,"q202, q203, q205, q207, q208",C:\SteamLibrary\steamapps\common\the witcher 2\data\game\temp_quests\7_act2_after_q202_debate.w2quest
Akt II - Ścieżka Iorwetha,a2_bounty_hunters.w2phase,q205,C:\SteamLibrary\steamapps\common\the witcher 2\data\game\2_act2\a2_bounty_hunters.w2phase
Akt II - Ścieżka Iorwetha,act 2.w2phase,"q201, q202, q203, q205",C:\SteamLibrary\steamapps\common\the witcher 2\data\game\2_act2\act 2.w2phase
Akt II - Ścieżka Iorwetha,act2_community_vergen_spawn.w2phase,"q203, q207",C:\SteamLibrary\steamapps\common\the witcher 2\data\game\2_act2\act2_community_vergen_spawn.w2phase
Akt II - Ścieżka Iorwetha,act3_global_achivements.w2phase,q205,C:\SteamLibrary\steamapps\common\the witcher 2\data\game\3_act3\act3_global_achivements.w2phase
Akt II - Ścieżka Iorwetha,places_jurnal.w2phase,"q203, q208",C:\SteamLibrary\steamapps\common\the witcher 2\data\game\meta_quests\places_jurnal.w2phase
Akt II - Ścieżka Iorwetha,q200_i_healing_tarma.w2phase,"q202, q203, q207",C:\SteamLibrary\steamapps\common\the witcher 2\data\game\2_act2\q200_i_healing_tarma.w2phase
Akt II - Ścieżka Iorwetha,q202_debate.w2phase,"q201, q202, q203, q205, q208",C:\SteamLibrary\steamapps\common\the witcher 2\data\game\2_act2\q202_debate.w2phase
Akt II - Ścieżka Iorwetha,q202_temp_quest.w2quest,q202,C:\SteamLibrary\steamapps\common\the witcher 2\data\game\2_act2\quests\q202_debate\q202_temp_quest.w2quest
Akt II - Ścieżka Iorwetha,q203_tempquest.w2quest,q203,C:\SteamLibrary\steamapps\common\the witcher 2\data\game\2_act2\quests\q203_xeranthemum\q203_tempquest.w2quest
Akt II - Ścieżka Iorwetha,q203_xeranthemum.w2phase,"q203, q208",C:\SteamLibrary\steamapps\common\the witcher 2\data\game\2_act2\q203_xeranthemum.w2phase
Akt II - Ścieżka Iorwetha,q204_dragons_dream.w2phase,"q202, q203, q207",C:\SteamLibrary\steamapps\common\the witcher 2\data\game\2_act2\q204_dragons_dream.w2phase
Akt II - Ścieżka Iorwetha,q205_royalblood.w2phase,q205,C:\SteamLibrary\steamapps\common\the witcher 2\data\game\2_act2\q205_royalblood.w2phase
Akt II - Ścieżka Iorwetha,q205_tempquest.w2quest,"q205, q207",C:\SteamLibrary\steamapps\common\the witcher 2\data\game\2_act2\quests\q205_royalblood\q205_tempquest.w2quest
Akt II - Ścieżka Iorwetha,q206_test_quest.w2quest,q203,C:\SteamLibrary\steamapps\common\the witcher 2\data\game\2_act2\quests\q206_trolls\q206_test_quest.w2quest
Akt II - Ścieżka Iorwetha,q206_trolls.w2phase,"q203, q207",C:\SteamLibrary\steamapps\common\the witcher 2\data\game\2_act2\q206_trolls.w2phase
Akt II - Ścieżka Iorwetha,q207_temp.w2quest,"q203, q205, q207",C:\SteamLibrary\steamapps\common\the witcher 2\data\game\2_act2\quests\q207_henselt\q207_temp.w2quest
Akt II - Ścieżka Iorwetha,sq202_burned_village.w2phase,"q202, q205",C:\SteamLibrary\steamapps\common\the witcher 2\data\game\2_act2\sq202_burned_village.w2phase
Akt II - Ścieżka Iorwetha,sq202_press_phase.w2phase,"q202, q203, q205, q207, q208",C:\SteamLibrary\steamapps\common\the witcher 2\data\game\2_act2\quests\sq202_burned_village\sq202_press_phase.w2phase
Akt II - Ścieżka Iorwetha,sq202_testquest.w2quest,q202,C:\SteamLibrary\steamapps\common\the witcher 2\data\game\2_act2\quests\sq202_burned_village\sq202_testquest.w2quest
Akt II - Ścieżka Iorwetha,sq203_nests.w2phase,q203,C:\SteamLibrary\steamapps\common\the witcher 2\data\game\2_act2\sq203_nests.w2phase
Akt II - Ścieżka Iorwetha,sq203_tempquest.w2quest,q203,C:\SteamLibrary\steamapps\common\the witcher 2\data\game\2_act2\quests\sq203_nests\sq203_tempquest.w2quest
Akt II - Ścieżka Iorwetha,sq203b_infested_mine.w2phase,q203,C:\SteamLibrary\steamapps\common\the witcher 2\data\game\2_act2\sq203b_infested_mine.w2phase
Akt II - Ścieżka Iorwetha,sq205i_handwrestling.w2phase,q205,C:\SteamLibrary\steamapps\common\the witcher 2\data\game\2_act2\sq205i_handwrestling.w2phase
Akt II - Ścieżka Iorwetha,sq205r_handwrestling.w2phase,q205,C:\SteamLibrary\steamapps\common\the witcher 2\data\game\2_act2\sq205r_handwrestling.w2phase
Akt II - Ścieżka Iorwetha,sq206i_fistfight.w2phase,q205,C:\SteamLibrary\steamapps\common\the witcher 2\data\game\2_act2\sq206i_fistfight.w2phase
Akt II - Ścieżka Iorwetha,sq207_missing_inventor.w2phase,"q203, q207, q208",C:\SteamLibrary\steamapps\common\the witcher 2\data\game\2_act2\sq207_missing_inventor.w2phase
Akt II - Ścieżka Iorwetha,sq305_handwrestling.w2phase,q205,C:\SteamLibrary\steamapps\common\the witcher 2\data\game\3_act3\sq305_handwrestling.w2phase
Akt II - Ścieżka Roche'a,10_act3_q306_to_the_end.w2quest,q215r,C:\SteamLibrary\steamapps\common\the witcher 2\data\game\temp_quests\10_act3_q306_to_the_end.w2quest
Akt II - Ścieżka Roche'a,5_6_act2_after_fog.w2quest,"q201, q202, q203, q205, q207, q208, q210r, q211r, q213r, q215r",C:\SteamLibrary\steamapps\common\the witcher 2\data\game\temp_quests\5_6_act2_after_fog.w2quest
Akt II - Ścieżka Roche'a,9_act2_after_draug.w2quest,"q201, q202, q203, q205, q207, q208, q210r, q211r, q213r, q215r",C:\SteamLibrary\steamapps\common\the witcher 2\data\game\temp_quests\9_act2_after_draug.w2quest
Akt II - Ścieżka Roche'a,paweltest.w2quest,q215r,C:\SteamLibrary\steamapps\common\the witcher 2\data\game\2_act2\quests\q215r_battle_for_vergen\paweltest.w2quest
Akt II - Ścieżka Roche'a,q000_assault.w2phase,q215r,C:\SteamLibrary\steamapps\common\the witcher 2\data\game\0_prologue\q000_assault.w2phase
Akt II - Ścieżka Roche'a,q000_begin.w2phase,q215r,C:\SteamLibrary\steamapps\common\the witcher 2\data\game\0_prologue\q000_begin.w2phase
Akt II - Ścieżka Roche'a,q000_begin_temp.w2phase,q215r,C:\SteamLibrary\steamapps\common\the witcher 2\data\game\0_prologue\q000_begin_temp.w2phase
Akt II - Ścieżka Roche'a,q001_dragon.w2phase,q215r,C:\SteamLibrary\steamapps\common\the witcher 2\data\game\0_prologue\q001_dragon.w2phase
Akt II - Ścieżka Roche'a,q103_dinner.w2phase,roche_path,C:\SteamLibrary\steamapps\common\the witcher 2\data\game\1_act1\q103_dinner.w2phase
Akt II - Ścieżka Roche'a,q107_trissgone.w2phase,roche_path,C:\SteamLibrary\steamapps\common\the witcher 2\data\game\1_act1\q107_trissgone.w2phase
Akt II - Ścieżka Roche'a,q205_mugquest.w2phase,"q205, q207, q213r",C:\SteamLibrary\steamapps\common\the witcher 2\data\game\2_act2\q205_mugquest.w2phase
Akt II - Ścieżka Roche'a,q207_henselt.w2phase,"q201, q205, q207, q208, q211r, q213r, roche_path",C:\SteamLibrary\steamapps\common\the witcher 2\data\game\2_act2\q207_henselt.w2phase
Akt II - Ścieżka Roche'a,q208_draug.w2phase,"q201, q207, q208, q210r, q211r, q214r",C:\SteamLibrary\steamapps\common\the witcher 2\data\game\2_act2\q208_draug.w2phase
Akt II - Ścieżka Roche'a,q209i_defending_vergen.w2phase,"q207, q215r",C:\SteamLibrary\steamapps\common\the witcher 2\data\game\2_act2\q209i_defending_vergen.w2phase
Akt II - Ścieżka Roche'a,q209i_defending_vergen_first_assault.w2phase,q215r,C:\SteamLibrary\steamapps\common\the witcher 2\data\game\2_act2\q209i_defending_vergen_first_assault.w2phase
Akt II - Ścieżka Roche'a,q209i_defending_vergen_secret_passage.w2phase,q215r,C:\SteamLibrary\steamapps\common\the witcher 2\data\game\2_act2\q209i_defending_vergen_secret_passage.w2phase
Akt II - Ścieżka Roche'a,q209i_for_marek.w2phase,q215r,C:\SteamLibrary\steamapps\common\the witcher 2\data\game\2_act2\quests\q209i_defending_vergen\entities\q209i_for_marek.w2phase
Akt II - Ścieżka Roche'a,q210r_negotiation.w2phase,"q201, q207, q210r",C:\SteamLibrary\steamapps\common\the witcher 2\data\game\2_act2\q210r_negotiation.w2phase
Akt II - Ścieżka Roche'a,q210r_temp_start.w2quest,q210r,C:\SteamLibrary\steamapps\common\the witcher 2\data\game\2_act2\quests\q210r_negotiation\q210r_temp_start.w2quest
Akt II - Ścieżka Roche'a,q211_testquest.w2quest,q211r,C:\SteamLibrary\steamapps\common\the witcher 2\data\game\2_act2\quests\q211r_richon\q211_testquest.w2quest
Akt II - Ścieżka Roche'a,q211r_richon.w2phase,"q208, q211r, q213r, q215r",C:\SteamLibrary\steamapps\common\the witcher 2\data\game\2_act2\q211r_richon.w2phase
Akt II - Ścieżka Roche'a,q211r_scoia_prisoner.w2phase,q211r,C:\SteamLibrary\steamapps\common\the witcher 2\data\game\2_act2\q211r_scoia_prisoner.w2phase
Akt II - Ścieżka Roche'a,q212r_conspiracy.w2phase,"q201, q208, q211r, q213r",C:\SteamLibrary\steamapps\common\the witcher 2\data\game\2_act2\q212r_conspiracy.w2phase
Akt II - Ścieżka Roche'a,q213_tempquest.w2quest,"q208, q213r",C:\SteamLibrary\steamapps\common\the witcher 2\data\game\2_act2\quests\q213r_curse\q213_tempquest.w2quest
Akt II - Ścieżka Roche'a,q213r_curse.w2phase,"q203, q205, q208, q211r, q213r, q214r",C:\SteamLibrary\steamapps\common\the witcher 2\data\game\2_act2\q213r_curse.w2phase
Akt II - Ścieżka Roche'a,q214_minigame.w2phase,q214r,C:\SteamLibrary\steamapps\common\the witcher 2\data\game\2_act2\q214_minigame.w2phase
Akt II - Ścieżka Roche'a,q214r_mission.w2phase,"q201, q203, q207, q208, q213r, q214r",C:\SteamLibrary\steamapps\common\the witcher 2\data\game\2_act2\q214r_mission.w2phase
Akt II - Ścieżka Roche'a,q214r_temp_quest.w2quest,"q208, q214r",C:\SteamLibrary\steamapps\common\the witcher 2\data\game\2_act2\quests\q214r_mission\q214r_temp_quest.w2quest
Akt II - Ścieżka Roche'a,q215r_battle_for_vergen.w2phase,"q205, q207, q215r, roche_path",C:\SteamLibrary\steamapps\common\the witcher 2\data\game\2_act2\q215r_battle_for_vergen.w2phase
Akt II - Ścieżka Roche'a,q215r_testquest.w2quest,"q213r, q215r",C:\SteamLibrary\steamapps\common\the witcher 2\data\game\2_act2\quests\q215r_battle_for_vergen\q215r_testquest.w2quest
Akt II - Ścieżka Roche'a,q301_start_pro_roche.w2phase,"q301, roche_path",C:\SteamLibrary\steamapps\common\the witcher 2\data\game\3_act3\q301_start_pro_roche.w2phase
Akt II - Ścieżka Roche'a,q301_temp_start.w2quest,q301,C:\SteamLibrary\steamapps\common\the witcher 2\data\game\3_act3\quests\q301_start_pro_roche\entities\q301_temp_start.w2quest
Akt II - Ścieżka Roche'a,q303_bastards.w2phase,"q215r, q301, roche_path",C:\SteamLibrary\steamapps\common\the witcher 2\data\game\3_act3\q303_bastards.w2phase
Akt II - Ścieżka Roche'a,q303_tempquest.w2quest,"q215r, q301",C:\SteamLibrary\steamapps\common\the witcher 2\data\game\3_act3\quests\q303_bastards\q303_tempquest.w2quest
Akt II - Ścieżka Roche'a,q305_dagger.w2phase,"q215r, q301",C:\SteamLibrary\steamapps\common\the witcher 2\data\game\3_act3\q305_dagger.w2phase
Akt II - Ścieżka Roche'a,q306_deliberations.w2phase,"q205, q208, q215r, q308",C:\SteamLibrary\steamapps\common\the witcher 2\data\game\3_act3\q306_deliberations.w2phase
Akt II - Ścieżka Roche'a,q307_dragon.w2phase,"q215r, q308",C:\SteamLibrary\steamapps\common\the witcher 2\data\game\3_act3\q307_dragon.w2phase
Akt II - Ścieżka Roche'a,q308_ending.w2phase,"q215r, q301, q308, roche_path",C:\SteamLibrary\steamapps\common\the witcher 2\data\game\3_act3\q308_ending.w2phase
Akt II - Ścieżka Roche'a,sq204_dice.w2phase,q213r,C:\SteamLibrary\steamapps\common\the witcher 2\data\game\2_act2\sq204_dice.w2phase
Akt II - Ścieżka Roche'a,sq208_three_sisters.w2phase,"q203, q208, q211r, q215r",C:\SteamLibrary\steamapps\common\the witcher 2\data\game\2_act2\sq208_three_sisters.w2phase
Akt II - Ścieżka Roche'a,sq209_zyvik_lost_soldiers.w2phase,q213r,C:\SteamLibrary\steamapps\common\the witcher 2\data\game\2_act2\sq209_zyvik_lost_soldiers.w2phase
Akt II - Ścieżka Roche'a,sq307_bussy_alt.w2phase,q215r,C:\SteamLibrary\steamapps\common\the witcher 2\data\game\3_act3\sq307_bussy_alt.w2phase
Akt II - Ścieżka Roche'a,sq308_vran_statue_room.w2phase,"q215r, q308",C:\SteamLibrary\steamapps\common\the witcher 2\data\game\3_act3\sq308_vran_statue_room.w2phase
Akt II - Ścieżka Roche'a,temp_act2.w2quest,"q201, q202, q203, q205, q207, q208, q210r, q211r, q213r, q215r",C:\SteamLibrary\steamapps\common\the witcher 2\data\game\temp_quests\temp_act2.w2quest
Akt II - Ścieżka Roche'a,temp_act2_quest.w2quest,"q201, q202, q203, q205, q207, q208, q210r, q211r, q213r, q214r, q215r",C:\SteamLibrary\steamapps\common\the witcher 2\data\game\2_act2\quests\q208_draug\temp_act2_quest.w2quest
Akt III - Kontynuacja i Finał,act3_redania_camp_spawn_despawn.w2phase,q301,C:\SteamLibrary\steamapps\common\the witcher 2\data\game\3_act3\act3_redania_camp_spawn_despawn.w2phase
Akt III - Kontynuacja i Finał,q302_start_pro_iorweth.w2phase,q301,C:\SteamLibrary\steamapps\common\the witcher 2\data\game\3_act3\q302_start_pro_iorweth.w2phase
Akt III - Kontynuacja i Finał,q304_testquest.w2quest,q301,C:\SteamLibrary\steamapps\common\the witcher 2\data\game\3_act3\quests\q304_triss\q304_testquest.w2quest
Akt III - Kontynuacja i Finał,q304_triss.w2phase,q301,C:\SteamLibrary\steamapps\common\the witcher 2\data\game\3_act3\q304_triss.w2phase
Akt III - Kontynuacja i Finał,q308_temp_start.w2quest,q308,C:\SteamLibrary\steamapps\common\the witcher 2\data\game\3_act3\quests\q308_ending\q308_temp_start.w2quest
Akt III - Kontynuacja i Finał,sq308_fresco_room.w2phase,q308,C:\SteamLibrary\steamapps\common\the witcher 2\data\game\3_act3\sq308_fresco_room.w2phase
Akt III - Kontynuacja i Finał,sq308_laboratory.w2phase,q308,C:\SteamLibrary\steamapps\common\the witcher 2\data\game\3_act3\sq308_laboratory.w2phase
Akt III - Kontynuacja i Finał,sq308_loc_muinne_raiders.w2phase,q308,C:\SteamLibrary\steamapps\common\the witcher 2\data\game\3_act3\sq308_loc_muinne_raiders.w2phase
Akt III - Kontynuacja i Finał,sq308_sewers.w2phase,q308,C:\SteamLibrary\steamapps\common\the witcher 2\data\game\3_act3\sq308_sewers.w2phase
Akt III - Kontynuacja i Finał,sq308_temp_quest.w2quest,q308,C:\SteamLibrary\steamapps\common\the witcher 2\data\game\3_act3\quests\sq308_loc_muinne_raiders\sq308_temp_quest.w2quest
Akt III - Kontynuacja i Finał,sq308_vran_coffin_room.w2phase,q308,C:\SteamLibrary\steamapps\common\the witcher 2\data\game\3_act3\sq308_vran_coffin_room.w2phase
Akt III - Kontynuacja i Finał,sq308_vran_crystal_room.w2phase,q308,C:\SteamLibrary\steamapps\common\the witcher 2\data\game\3_act3\sq308_vran_crystal_room.w2phase
Akt III - Kontynuacja i Finał,temp_act3.w2quest,"q301, q308",C:\SteamLibrary\steamapps\common\the witcher 2\data\game\temp_quests\temp_act3.w2quest
Główny Korzeń Gry / Aktu,act 2.w2quest,"q201, q202, q203, q205, q207, q208, q210r, q211r, q213r, q215r",C:\SteamLibrary\steamapps\common\the witcher 2\data\game\2_act2\act 2.w2quest
Główny Korzeń Gry / Aktu,act 3.w2quest,"q208, q301, q308",C:\SteamLibrary\steamapps\common\the witcher 2\data\game\3_act3\act 3.w2quest
Główny Korzeń Gry / Aktu,act_1.w2quest,q108,C:\SteamLibrary\steamapps\common\the witcher 2\data\game\1_act1\act_1.w2quest
Główny Korzeń Gry / Aktu,witcher2.w2quest,Główny_Graf,C:\SteamLibrary\steamapps\common\the witcher 2\data\game\witcher2.w2quest
